objectid,filename,title,creator,date,description,subject,location,latitude,longitude,collection,identifier,type,format,language,rights,rightsstatement
coll002,lifta_1.jpg,lifta_1.jpg,Jeff O'Brien,2017,,,"Lifta, Palestine",,,,lifta_1.jpg,Image;StillImage,image/jpeg,,,
coll003,lifta_10.jpg,lifta_10.jpg,Jeff O'Brien,2017,,,"Lifta, Palestine",31.800219,35.199619,,lifta_10.jpg,Image;StillImage,image/jpeg,,,
coll004,lifta_100.jpg,lifta_100.jpg,Jeff O'Brien,2017,,,"Lifta, Palestine",31.7975,35.196756,,lifta_100.jpg,Image;StillImage,image/jpeg,,,
coll005,lifta_101.jpg,lifta_101.jpg,Jeff O'Brien,2017,,,"Lifta, Palestine",31.797433,35.196792,,lifta_101.jpg,Image;StillImage,image/jpeg,,,
coll006,lifta_102.jpg,lifta_102.jpg,Jeff O'Brien,2017,,,"Lifta, Palestine",31.797433,35.196792,,lifta_102.jpg,Image;StillImage,image/jpeg,,,
coll007,lifta_103.jpg,lifta_103.jpg,Jeff O'Brien,2017,,,"Lifta, Palestine",31.797433,35.196792,,lifta_103.jpg,Image;StillImage,image/jpeg,,,
coll008,lifta_104.jpg,lifta_104.jpg,Jeff O'Brien,2017,,,"Lifta, Palestine",31.797433,35.196792,,lifta_104.jpg,Image;StillImage,image/jpeg,,,
coll009,lifta_105.jpg,lifta_105.jpg,Jeff O'Brien,2017,,,"Lifta, Palestine",31.797433,35.196792,,lifta_105.jpg,Image;StillImage,image/jpeg,,,
coll010,lifta_106.jpg,lifta_106.jpg,Jeff O'Brien,2017,,,"Lifta, Palestine",31.797433,35.196792,,lifta_106.jpg,Image;StillImage,image/jpeg,,,
coll011,lifta_107.jpg,lifta_107.jpg,Jeff O'Brien,2017,,,"Lifta, Palestine",31.797433,35.196792,,lifta_107.jpg,Image;StillImage,image/jpeg,,,
coll012,lifta_108.jpg,lifta_108.jpg,Jeff O'Brien,2017,,,"Lifta, Palestine",31.797433,35.196792,,lifta_108.jpg,Image;StillImage,image/jpeg,,,
coll013,lifta_109.jpg,lifta_109.jpg,Jeff O'Brien,2017,,,"Lifta, Palestine",31.797433,35.196792,,lifta_109.jpg,Image;StillImage,image/jpeg,,,
coll014,lifta_11.jpg,lifta_11.jpg,Jeff O'Brien,2017,,,"Lifta, Palestine",31.80025,35.199036,,lifta_11.jpg,Image;StillImage,image/jpeg,,,
coll015,lifta_110.jpg,lifta_110.jpg,Jeff O'Brien,2017,,,"Lifta, Palestine",31.797383,35.196819,,lifta_110.jpg,Image;StillImage,image/jpeg,,,
coll016,lifta_111.jpg,lifta_111.jpg,Jeff O'Brien,2017,,,"Lifta, Palestine",31.797417,35.196828,,lifta_111.jpg,Image;StillImage,image/jpeg,,,
coll017,lifta_112.jpg,lifta_112.jpg,Jeff O'Brien,2017,,,"Lifta, Palestine",31.797417,35.196828,,lifta_112.jpg,Image;StillImage,image/jpeg,,,
coll018,lifta_113.jpg,lifta_113.jpg,Jeff O'Brien,2017,,,"Lifta, Palestine",31.797681,35.197261,,lifta_113.jpg,Image;StillImage,image/jpeg,,,
coll019,lifta_114.jpg,lifta_114.jpg,Jeff O'Brien,2017,,,"Lifta, Palestine",31.797631,35.196531,,lifta_114.jpg,Image;StillImage,image/jpeg,,,
coll020,lifta_115.jpg,lifta_115.jpg,Jeff O'Brien,2017,,,"Lifta, Palestine",31.797631,35.196531,,lifta_115.jpg,Image;StillImage,image/jpeg,,,
coll021,lifta_116.jpg,lifta_116.jpg,Jeff O'Brien,2017,,,"Lifta, Palestine",31.797619,35.196522,,lifta_116.jpg,Image;StillImage,image/jpeg,,,
coll022,lifta_117.jpg,lifta_117.jpg,Jeff O'Brien,2017,,,"Lifta, Palestine",31.797706,35.196531,,lifta_117.jpg,Image;StillImage,image/jpeg,,,
coll023,lifta_118.jpg,lifta_118.jpg,Jeff O'Brien,2017,,,"Lifta, Palestine",31.797628,35.196606,,lifta_118.jpg,Image;StillImage,image/jpeg,,,
coll024,lifta_119.jpg,lifta_119.jpg,Jeff O'Brien,2017,,,"Lifta, Palestine",31.797619,35.196592,,lifta_119.jpg,Image;StillImage,image/jpeg,,,
coll025,lifta_12.jpg,lifta_12.jpg,Jeff O'Brien,2017,,,"Lifta, Palestine",31.800214,35.198914,,lifta_12.jpg,Image;StillImage,image/jpeg,,,
coll026,lifta_120.jpg,lifta_120.jpg,Jeff O'Brien,2017,,,"Lifta, Palestine",31.797619,35.196592,,lifta_120.jpg,Image;StillImage,image/jpeg,,,
coll027,lifta_121.jpg,lifta_121.jpg,Jeff O'Brien,2017,,,"Lifta, Palestine",31.797506,35.196644,,lifta_121.jpg,Image;StillImage,image/jpeg,,,
coll028,lifta_122.jpg,lifta_122.jpg,Jeff O'Brien,2017,,,"Lifta, Palestine",31.797419,35.196742,,lifta_122.jpg,Image;StillImage,image/jpeg,,,
coll029,lifta_123.jpg,lifta_123.jpg,Jeff O'Brien,2017,,,"Lifta, Palestine",31.797444,35.196669,,lifta_123.jpg,Image;StillImage,image/jpeg,,,
coll030,lifta_124.jpg,lifta_124.jpg,Jeff O'Brien,2017,,,"Lifta, Palestine",31.797475,35.196625,,lifta_124.jpg,Image;StillImage,image/jpeg,,,
coll031,lifta_125.jpg,lifta_125.jpg,Jeff O'Brien,2017,,,"Lifta, Palestine",31.79745,35.196653,,lifta_125.jpg,Image;StillImage,image/jpeg,,,
coll032,lifta_126.jpg,lifta_126.jpg,Jeff O'Brien,2017,,,"Lifta, Palestine",31.79745,35.196653,,lifta_126.jpg,Image;StillImage,image/jpeg,,,
coll033,lifta_127.jpg,lifta_127.jpg,Jeff O'Brien,2017,,,"Lifta, Palestine",31.797553,35.196486,,lifta_127.jpg,Image;StillImage,image/jpeg,,,
coll034,lifta_128.jpg,lifta_128.jpg,Jeff O'Brien,2017,,,"Lifta, Palestine",31.797372,35.196847,,lifta_128.jpg,Image;StillImage,image/jpeg,,,
coll035,lifta_129.jpg,lifta_129.jpg,Jeff O'Brien,2017,,,"Lifta, Palestine",31.797492,35.196019,,lifta_129.jpg,Image;StillImage,image/jpeg,,,
coll036,lifta_13.jpg,lifta_13.jpg,Jeff O'Brien,2017,,,"Lifta, Palestine",31.800019,35.198903,,lifta_13.jpg,Image;StillImage,image/jpeg,,,
coll037,lifta_130.jpg,lifta_130.jpg,Jeff O'Brien,2017,,,"Lifta, Palestine",31.797461,35.196786,,lifta_130.jpg,Image;StillImage,image/jpeg,,,
coll038,lifta_131.jpg,lifta_131.jpg,Jeff O'Brien,2017,,,"Lifta, Palestine",31.797414,35.196769,,lifta_131.jpg,Image;StillImage,image/jpeg,,,
coll039,lifta_132.jpg,lifta_132.jpg,Jeff O'Brien,2017,,,"Lifta, Palestine",31.797633,35.196731,,lifta_132.jpg,Image;StillImage,image/jpeg,,,
coll040,lifta_133.jpg,lifta_133.jpg,Jeff O'Brien,2017,,,"Lifta, Palestine",31.797608,35.196514,,lifta_133.jpg,Image;StillImage,image/jpeg,,,
coll041,lifta_134.jpg,lifta_134.jpg,Jeff O'Brien,2017,,,"Lifta, Palestine",31.797669,35.196633,,lifta_134.jpg,Image;StillImage,image/jpeg,,,
coll042,lifta_135.jpg,lifta_135.jpg,Jeff O'Brien,2017,,,"Lifta, Palestine",31.797725,35.196644,,lifta_135.jpg,Image;StillImage,image/jpeg,,,
coll043,lifta_136.jpg,lifta_136.jpg,Jeff O'Brien,2017,,,"Lifta, Palestine",31.797392,35.196106,,lifta_136.jpg,Image;StillImage,image/jpeg,,,
coll044,lifta_137.jpg,lifta_137.jpg,Jeff O'Brien,2017,,,"Lifta, Palestine",31.797586,35.196536,,lifta_137.jpg,Image;StillImage,image/jpeg,,,
coll045,lifta_138.jpg,lifta_138.jpg,Jeff O'Brien,2017,,,"Lifta, Palestine",31.797589,35.196808,,lifta_138.jpg,Image;StillImage,image/jpeg,,,
coll046,lifta_139.jpg,lifta_139.jpg,Jeff O'Brien,2017,,,"Lifta, Palestine",31.797464,35.196608,,lifta_139.jpg,Image;StillImage,image/jpeg,,,
coll047,lifta_14.jpg,lifta_14.jpg,Jeff O'Brien,2017,,,"Lifta, Palestine",31.800033,35.198906,,lifta_14.jpg,Image;StillImage,image/jpeg,,,
coll048,lifta_140.jpg,lifta_140.jpg,Jeff O'Brien,2017,,,"Lifta, Palestine",31.797433,35.196678,,lifta_140.jpg,Image;StillImage,image/jpeg,,,
coll049,lifta_141.jpg,lifta_141.jpg,Jeff O'Brien,2017,,,"Lifta, Palestine",31.797108,35.196747,,lifta_141.jpg,Image;StillImage,image/jpeg,,,
coll050,lifta_142.jpg,lifta_142.jpg,Jeff O'Brien,2017,,,"Lifta, Palestine",31.797403,35.196675,,lifta_142.jpg,Image;StillImage,image/jpeg,,,
coll051,lifta_143.jpg,lifta_143.jpg,Jeff O'Brien,2017,,,"Lifta, Palestine",31.7972,35.196761,,lifta_143.jpg,Image;StillImage,image/jpeg,,,
coll052,lifta_144.jpg,lifta_144.jpg,Jeff O'Brien,2017,,,"Lifta, Palestine",31.798753,35.197006,,lifta_144.jpg,Image;StillImage,image/jpeg,,,
coll053,lifta_145.jpg,lifta_145.jpg,Jeff O'Brien,2017,,,"Lifta, Palestine",31.797419,35.192939,,lifta_145.jpg,Image;StillImage,image/jpeg,,,
coll054,lifta_146.jpg,lifta_146.jpg,Jeff O'Brien,2017,,,"Lifta, Palestine",31.797117,35.196658,,lifta_146.jpg,Image;StillImage,image/jpeg,,,
coll055,lifta_147.jpg,lifta_147.jpg,Jeff O'Brien,2017,,,"Lifta, Palestine",31.797225,35.1967,,lifta_147.jpg,Image;StillImage,image/jpeg,,,
coll056,lifta_148.jpg,lifta_148.jpg,Jeff O'Brien,2017,,,"Lifta, Palestine",31.797153,35.196586,,lifta_148.jpg,Image;StillImage,image/jpeg,,,
coll057,lifta_149.jpg,lifta_149.jpg,Jeff O'Brien,2017,,,"Lifta, Palestine",31.797031,35.196247,,lifta_149.jpg,Image;StillImage,image/jpeg,,,
coll058,lifta_15.jpg,lifta_15.jpg,Jeff O'Brien,2017,,,"Lifta, Palestine",31.799867,35.199242,,lifta_15.jpg,Image;StillImage,image/jpeg,,,
coll059,lifta_150.jpg,lifta_150.jpg,Jeff O'Brien,2017,,,"Lifta, Palestine",31.797114,35.196586,,lifta_150.jpg,Image;StillImage,image/jpeg,,,
coll060,lifta_151.jpg,lifta_151.jpg,Jeff O'Brien,2017,,,"Lifta, Palestine",31.797067,35.196656,,lifta_151.jpg,Image;StillImage,image/jpeg,,,
coll061,lifta_152.jpg,lifta_152.jpg,Jeff O'Brien,2017,,,"Lifta, Palestine",31.797133,35.196553,,lifta_152.jpg,Image;StillImage,image/jpeg,,,
coll062,lifta_153.jpg,lifta_153.jpg,Jeff O'Brien,2017,,,"Lifta, Palestine",31.797131,35.196392,,lifta_153.jpg,Image;StillImage,image/jpeg,,,
coll063,lifta_154.jpg,lifta_154.jpg,Jeff O'Brien,2017,,,"Lifta, Palestine",31.797117,35.196469,,lifta_154.jpg,Image;StillImage,image/jpeg,,,
coll064,lifta_155.jpg,lifta_155.jpg,Jeff O'Brien,2017,,,"Lifta, Palestine",31.7971,35.196381,,lifta_155.jpg,Image;StillImage,image/jpeg,,,
coll065,lifta_156.jpg,lifta_156.jpg,Jeff O'Brien,2017,,,"Lifta, Palestine",31.797108,35.1964,,lifta_156.jpg,Image;StillImage,image/jpeg,,,
coll066,lifta_157.jpg,lifta_157.jpg,Jeff O'Brien,2017,,,"Lifta, Palestine",31.797108,35.196411,,lifta_157.jpg,Image;StillImage,image/jpeg,,,
coll067,lifta_158.jpg,lifta_158.jpg,Jeff O'Brien,2017,,,"Lifta, Palestine",31.797169,35.196378,,lifta_158.jpg,Image;StillImage,image/jpeg,,,
coll068,lifta_159.jpg,lifta_159.jpg,Jeff O'Brien,2017,,,"Lifta, Palestine",31.797175,35.196358,,lifta_159.jpg,Image;StillImage,image/jpeg,,,
coll069,lifta_16.jpg,lifta_16.jpg,Jeff O'Brien,2017,,,"Lifta, Palestine",31.799928,35.198917,,lifta_16.jpg,Image;StillImage,image/jpeg,,,
coll070,lifta_160.jpg,lifta_160.jpg,Jeff O'Brien,2017,,,"Lifta, Palestine",31.797175,35.196353,,lifta_160.jpg,Image;StillImage,image/jpeg,,,
coll071,lifta_161.jpg,lifta_161.jpg,Jeff O'Brien,2017,,,"Lifta, Palestine",31.797183,35.19635,,lifta_161.jpg,Image;StillImage,image/jpeg,,,
coll072,lifta_162.jpg,lifta_162.jpg,Jeff O'Brien,2017,,,"Lifta, Palestine",31.797236,35.196217,,lifta_162.jpg,Image;StillImage,image/jpeg,,,
coll073,lifta_163.jpg,lifta_163.jpg,Jeff O'Brien,2017,,,"Lifta, Palestine",31.797236,35.196217,,lifta_163.jpg,Image;StillImage,image/jpeg,,,
coll074,lifta_164.jpg,lifta_164.jpg,Jeff O'Brien,2017,,,"Lifta, Palestine",31.797231,35.196208,,lifta_164.jpg,Image;StillImage,image/jpeg,,,
coll075,lifta_165.jpg,lifta_165.jpg,Jeff O'Brien,2017,,,"Lifta, Palestine",31.797219,35.196197,,lifta_165.jpg,Image;StillImage,image/jpeg,,,
coll076,lifta_166.jpg,lifta_166.jpg,Jeff O'Brien,2017,,,"Lifta, Palestine",31.797389,35.196136,,lifta_166.jpg,Image;StillImage,image/jpeg,,,
coll077,lifta_167.jpg,lifta_167.jpg,Jeff O'Brien,2017,,,"Lifta, Palestine",31.797272,35.196053,,lifta_167.jpg,Image;StillImage,image/jpeg,,,
coll078,lifta_168.jpg,lifta_168.jpg,Jeff O'Brien,2017,,,"Lifta, Palestine",31.797225,35.196183,,lifta_168.jpg,Image;StillImage,image/jpeg,,,
coll079,lifta_169.jpg,lifta_169.jpg,Jeff O'Brien,2017,,,"Lifta, Palestine",31.797172,35.196197,,lifta_169.jpg,Image;StillImage,image/jpeg,,,
coll080,lifta_17.jpg,lifta_17.jpg,Jeff O'Brien,2017,,,"Lifta, Palestine",31.799686,35.198247,,lifta_17.jpg,Image;StillImage,image/jpeg,,,
coll081,lifta_170.jpg,lifta_170.jpg,Jeff O'Brien,2017,,,"Lifta, Palestine",31.797147,35.195942,,lifta_170.jpg,Image;StillImage,image/jpeg,,,
coll082,lifta_171.jpg,lifta_171.jpg,Jeff O'Brien,2017,,,"Lifta, Palestine",31.797019,35.196194,,lifta_171.jpg,Image;StillImage,image/jpeg,,,
coll083,lifta_172.jpg,lifta_172.jpg,Jeff O'Brien,2017,,,"Lifta, Palestine",31.796989,35.196094,,lifta_172.jpg,Image;StillImage,image/jpeg,,,
coll084,lifta_173.jpg,lifta_173.jpg,Jeff O'Brien,2017,,,"Lifta, Palestine",31.797,35.19605,,lifta_173.jpg,Image;StillImage,image/jpeg,,,
coll085,lifta_174.jpg,lifta_174.jpg,Jeff O'Brien,2017,,,"Lifta, Palestine",31.797,35.19605,,lifta_174.jpg,Image;StillImage,image/jpeg,,,
coll086,lifta_175.jpg,lifta_175.jpg,Jeff O'Brien,2017,,,"Lifta, Palestine",31.797,35.19605,,lifta_175.jpg,Image;StillImage,image/jpeg,,,
coll087,lifta_176.jpg,lifta_176.jpg,Jeff O'Brien,2017,,,"Lifta, Palestine",31.797,35.19605,,lifta_176.jpg,Image;StillImage,image/jpeg,,,
coll088,lifta_177.jpg,lifta_177.jpg,Jeff O'Brien,2017,,,"Lifta, Palestine",31.797011,35.196403,,lifta_177.jpg,Image;StillImage,image/jpeg,,,
coll089,lifta_178.jpg,lifta_178.jpg,Jeff O'Brien,2017,,,"Lifta, Palestine",31.797103,35.196081,,lifta_178.jpg,Image;StillImage,image/jpeg,,,
coll090,lifta_179.jpg,lifta_179.jpg,Jeff O'Brien,2017,,,"Lifta, Palestine",31.797017,35.19605,,lifta_179.jpg,Image;StillImage,image/jpeg,,,
coll091,lifta_18.jpg,lifta_18.jpg,Jeff O'Brien,2017,,,"Lifta, Palestine",31.799703,35.198519,,lifta_18.jpg,Image;StillImage,image/jpeg,,,
coll092,lifta_180.jpg,lifta_180.jpg,Jeff O'Brien,2017,,,"Lifta, Palestine",31.797017,35.19605,,lifta_180.jpg,Image;StillImage,image/jpeg,,,
coll093,lifta_181.jpg,lifta_181.jpg,Jeff O'Brien,2017,,,"Lifta, Palestine",31.796878,35.196072,,lifta_181.jpg,Image;StillImage,image/jpeg,,,
coll094,lifta_182.jpg,lifta_182.jpg,Jeff O'Brien,2017,,,"Lifta, Palestine",31.796878,35.196092,,lifta_182.jpg,Image;StillImage,image/jpeg,,,
coll095,lifta_183.jpg,lifta_183.jpg,Jeff O'Brien,2017,,,"Lifta, Palestine",31.796775,35.195961,,lifta_183.jpg,Image;StillImage,image/jpeg,,,
coll096,lifta_184.jpg,lifta_184.jpg,Jeff O'Brien,2017,,,"Lifta, Palestine",31.796775,35.195961,,lifta_184.jpg,Image;StillImage,image/jpeg,,,
coll097,lifta_185.jpg,lifta_185.jpg,Jeff O'Brien,2017,,,"Lifta, Palestine",31.7968,35.195972,,lifta_185.jpg,Image;StillImage,image/jpeg,,,
coll098,lifta_186.jpg,lifta_186.jpg,Jeff O'Brien,2017,,,"Lifta, Palestine",31.796694,35.195889,,lifta_186.jpg,Image;StillImage,image/jpeg,,,
coll099,lifta_187.jpg,lifta_187.jpg,Jeff O'Brien,2017,,,"Lifta, Palestine",31.796622,35.195922,,lifta_187.jpg,Image;StillImage,image/jpeg,,,
coll100,lifta_188.jpg,lifta_188.jpg,Jeff O'Brien,2017,,,"Lifta, Palestine",31.796631,35.195928,,lifta_188.jpg,Image;StillImage,image/jpeg,,,
coll101,lifta_189.jpg,lifta_189.jpg,Jeff O'Brien,2017,,,"Lifta, Palestine",31.796567,35.1958,,lifta_189.jpg,Image;StillImage,image/jpeg,,,
coll102,lifta_19.jpg,lifta_19.jpg,Jeff O'Brien,2017,,,"Lifta, Palestine",31.799519,35.198281,,lifta_19.jpg,Image;StillImage,image/jpeg,,,
coll103,lifta_190.jpg,lifta_190.jpg,Jeff O'Brien,2017,,,"Lifta, Palestine",31.796661,35.195992,,lifta_190.jpg,Image;StillImage,image/jpeg,,,
coll104,lifta_191.jpg,lifta_191.jpg,Jeff O'Brien,2017,,,"Lifta, Palestine",31.796731,35.195633,,lifta_191.jpg,Image;StillImage,image/jpeg,,,
coll105,lifta_192.jpg,lifta_192.jpg,Jeff O'Brien,2017,,,"Lifta, Palestine",31.796631,35.195911,,lifta_192.jpg,Image;StillImage,image/jpeg,,,
coll106,lifta_193.jpg,lifta_193.jpg,Jeff O'Brien,2017,,,"Lifta, Palestine",31.796575,35.195911,,lifta_193.jpg,Image;StillImage,image/jpeg,,,
coll107,lifta_194.jpg,lifta_194.jpg,Jeff O'Brien,2017,,,"Lifta, Palestine",31.796589,35.195914,,lifta_194.jpg,Image;StillImage,image/jpeg,,,
coll108,lifta_195.jpg,lifta_195.jpg,Jeff O'Brien,2017,,,"Lifta, Palestine",31.796447,35.195714,,lifta_195.jpg,Image;StillImage,image/jpeg,,,
coll109,lifta_196.jpg,lifta_196.jpg,Jeff O'Brien,2017,,,"Lifta, Palestine",31.796517,35.195828,,lifta_196.jpg,Image;StillImage,image/jpeg,,,
coll110,lifta_197.jpg,lifta_197.jpg,Jeff O'Brien,2017,,,"Lifta, Palestine",31.796517,35.195828,,lifta_197.jpg,Image;StillImage,image/jpeg,,,
coll111,lifta_198.jpg,lifta_198.jpg,Jeff O'Brien,2017,,,"Lifta, Palestine",31.796678,35.195867,,lifta_198.jpg,Image;StillImage,image/jpeg,,,
coll112,lifta_199.jpg,lifta_199.jpg,Jeff O'Brien,2017,,,"Lifta, Palestine",31.796808,35.195842,,lifta_199.jpg,Image;StillImage,image/jpeg,,,
coll113,lifta_2.jpg,lifta_2.jpg,Jeff O'Brien,2017,,,"Lifta, Palestine",,,,lifta_2.jpg,Image;StillImage,image/jpeg,,,
coll114,lifta_20.jpg,lifta_20.jpg,Jeff O'Brien,2017,,,"Lifta, Palestine",31.799361,35.198078,,lifta_20.jpg,Image;StillImage,image/jpeg,,,
coll115,lifta_200.jpg,lifta_200.jpg,Jeff O'Brien,2017,,,"Lifta, Palestine",31.796458,35.195797,,lifta_200.jpg,Image;StillImage,image/jpeg,,,
coll116,lifta_201.jpg,lifta_201.jpg,Jeff O'Brien,2017,,,"Lifta, Palestine",31.796183,35.195867,,lifta_201.jpg,Image;StillImage,image/jpeg,,,
coll117,lifta_202.jpg,lifta_202.jpg,Jeff O'Brien,2017,,,"Lifta, Palestine",31.796128,35.196006,,lifta_202.jpg,Image;StillImage,image/jpeg,,,
coll118,lifta_203.jpg,lifta_203.jpg,Jeff O'Brien,2017,,,"Lifta, Palestine",31.796183,35.195869,,lifta_203.jpg,Image;StillImage,image/jpeg,,,
coll119,lifta_204.jpg,lifta_204.jpg,Jeff O'Brien,2017,,,"Lifta, Palestine",31.796194,35.195842,,lifta_204.jpg,Image;StillImage,image/jpeg,,,
coll120,lifta_205.jpg,lifta_205.jpg,Jeff O'Brien,2017,,,"Lifta, Palestine",31.796233,35.195867,,lifta_205.jpg,Image;StillImage,image/jpeg,,,
coll121,lifta_206.jpg,lifta_206.jpg,Jeff O'Brien,2017,,,"Lifta, Palestine",31.796228,35.195839,,lifta_206.jpg,Image;StillImage,image/jpeg,,,
coll122,lifta_207.jpg,lifta_207.jpg,Jeff O'Brien,2017,,,"Lifta, Palestine",31.796203,35.195825,,lifta_207.jpg,Image;StillImage,image/jpeg,,,
coll123,lifta_208.jpg,lifta_208.jpg,Jeff O'Brien,2017,,,"Lifta, Palestine",31.796225,35.195831,,lifta_208.jpg,Image;StillImage,image/jpeg,,,
coll124,lifta_209.jpg,lifta_209.jpg,Jeff O'Brien,2017,,,"Lifta, Palestine",31.796225,35.195831,,lifta_209.jpg,Image;StillImage,image/jpeg,,,
coll125,lifta_21.jpg,lifta_21.jpg,Jeff O'Brien,2017,,,"Lifta, Palestine",31.799419,35.19765,,lifta_21.jpg,Image;StillImage,image/jpeg,,,
coll126,lifta_210.jpg,lifta_210.jpg,Jeff O'Brien,2017,,,"Lifta, Palestine",31.796214,35.195842,,lifta_210.jpg,Image;StillImage,image/jpeg,,,
coll127,lifta_211.jpg,lifta_211.jpg,Jeff O'Brien,2017,,,"Lifta, Palestine",31.796069,35.196025,,lifta_211.jpg,Image;StillImage,image/jpeg,,,
coll128,lifta_212.jpg,lifta_212.jpg,Jeff O'Brien,2017,,,"Lifta, Palestine",31.796617,35.195975,,lifta_212.jpg,Image;StillImage,image/jpeg,,,
coll129,lifta_213.jpg,lifta_213.jpg,Jeff O'Brien,2017,,,"Lifta, Palestine",31.795875,35.195992,,lifta_213.jpg,Image;StillImage,image/jpeg,,,
coll130,lifta_214.jpg,lifta_214.jpg,Jeff O'Brien,2017,,,"Lifta, Palestine",31.795978,35.196197,,lifta_214.jpg,Image;StillImage,image/jpeg,,,
coll131,lifta_215.jpg,lifta_215.jpg,Jeff O'Brien,2017,,,"Lifta, Palestine",31.796333,35.196286,,lifta_215.jpg,Image;StillImage,image/jpeg,,,
coll132,lifta_216.jpg,lifta_216.jpg,Jeff O'Brien,2017,,,"Lifta, Palestine",31.796344,35.196286,,lifta_216.jpg,Image;StillImage,image/jpeg,,,
coll133,lifta_217.jpg,lifta_217.jpg,Jeff O'Brien,2017,,,"Lifta, Palestine",31.796458,35.196183,,lifta_217.jpg,Image;StillImage,image/jpeg,,,
coll134,lifta_218.jpg,lifta_218.jpg,Jeff O'Brien,2017,,,"Lifta, Palestine",31.796208,35.196286,,lifta_218.jpg,Image;StillImage,image/jpeg,,,
coll135,lifta_219.jpg,lifta_219.jpg,Jeff O'Brien,2017,,,"Lifta, Palestine",31.796275,35.196258,,lifta_219.jpg,Image;StillImage,image/jpeg,,,
coll136,lifta_22.jpg,lifta_22.jpg,Jeff O'Brien,2017,,,"Lifta, Palestine",31.799244,35.197978,,lifta_22.jpg,Image;StillImage,image/jpeg,,,
coll137,lifta_220.jpg,lifta_220.jpg,Jeff O'Brien,2017,,,"Lifta, Palestine",31.796128,35.196144,,lifta_220.jpg,Image;StillImage,image/jpeg,,,
coll138,lifta_221.jpg,lifta_221.jpg,Jeff O'Brien,2017,,,"Lifta, Palestine",31.796147,35.196147,,lifta_221.jpg,Image;StillImage,image/jpeg,,,
coll139,lifta_222.jpg,lifta_222.jpg,Jeff O'Brien,2017,,,"Lifta, Palestine",31.796147,35.196147,,lifta_222.jpg,Image;StillImage,image/jpeg,,,
coll140,lifta_223.jpg,lifta_223.jpg,Jeff O'Brien,2017,,,"Lifta, Palestine",31.796214,35.196169,,lifta_223.jpg,Image;StillImage,image/jpeg,,,
coll141,lifta_224.jpg,lifta_224.jpg,Jeff O'Brien,2017,,,"Lifta, Palestine",31.796247,35.196169,,lifta_224.jpg,Image;StillImage,image/jpeg,,,
coll142,lifta_225.jpg,lifta_225.jpg,Jeff O'Brien,2017,,,"Lifta, Palestine",31.796297,35.196186,,lifta_225.jpg,Image;StillImage,image/jpeg,,,
coll143,lifta_226.jpg,lifta_226.jpg,Jeff O'Brien,2017,,,"Lifta, Palestine",31.796289,35.196169,,lifta_226.jpg,Image;StillImage,image/jpeg,,,
coll144,lifta_227.jpg,lifta_227.jpg,Jeff O'Brien,2017,,,"Lifta, Palestine",31.796275,35.196133,,lifta_227.jpg,Image;StillImage,image/jpeg,,,
coll145,lifta_228.jpg,lifta_228.jpg,Jeff O'Brien,2017,,,"Lifta, Palestine",31.796275,35.196133,,lifta_228.jpg,Image;StillImage,image/jpeg,,,
coll146,lifta_229.jpg,lifta_229.jpg,Jeff O'Brien,2017,,,"Lifta, Palestine",31.796275,35.196133,,lifta_229.jpg,Image;StillImage,image/jpeg,,,
coll147,lifta_23.jpg,lifta_23.jpg,Jeff O'Brien,2017,,,"Lifta, Palestine",31.799292,35.197881,,lifta_23.jpg,Image;StillImage,image/jpeg,,,
coll148,lifta_230.jpg,lifta_230.jpg,Jeff O'Brien,2017,,,"Lifta, Palestine",31.796728,35.196247,,lifta_230.jpg,Image;StillImage,image/jpeg,,,
coll149,lifta_231.jpg,lifta_231.jpg,Jeff O'Brien,2017,,,"Lifta, Palestine",31.796969,35.196306,,lifta_231.jpg,Image;StillImage,image/jpeg,,,
coll150,lifta_232.jpg,lifta_232.jpg,Jeff O'Brien,2017,,,"Lifta, Palestine",31.798289,35.196636,,lifta_232.jpg,Image;StillImage,image/jpeg,,,
coll151,lifta_233.jpg,lifta_233.jpg,Jeff O'Brien,2017,,,"Lifta, Palestine",31.798694,35.196736,,lifta_233.jpg,Image;StillImage,image/jpeg,,,
coll152,lifta_234.jpg,lifta_234.jpg,Jeff O'Brien,2017,,,"Lifta, Palestine",31.795781,35.195939,,lifta_234.jpg,Image;StillImage,image/jpeg,,,
coll153,lifta_235.jpg,lifta_235.jpg,Jeff O'Brien,2017,,,"Lifta, Palestine",31.795839,35.196044,,lifta_235.jpg,Image;StillImage,image/jpeg,,,
coll154,lifta_236.jpg,lifta_236.jpg,Jeff O'Brien,2017,,,"Lifta, Palestine",31.795619,35.196169,,lifta_236.jpg,Image;StillImage,image/jpeg,,,
coll155,lifta_237.jpg,lifta_237.jpg,Jeff O'Brien,2017,,,"Lifta, Palestine",31.79555,35.195939,,lifta_237.jpg,Image;StillImage,image/jpeg,,,
coll156,lifta_238.jpg,lifta_238.jpg,Jeff O'Brien,2017,,,"Lifta, Palestine",31.795625,35.195975,,lifta_238.jpg,Image;StillImage,image/jpeg,,,
coll157,lifta_239.jpg,lifta_239.jpg,Jeff O'Brien,2017,,,"Lifta, Palestine",31.795703,35.196025,,lifta_239.jpg,Image;StillImage,image/jpeg,,,
coll158,lifta_24.jpg,lifta_24.jpg,Jeff O'Brien,2017,,,"Lifta, Palestine",31.799197,35.197758,,lifta_24.jpg,Image;StillImage,image/jpeg,,,
coll159,lifta_240.jpg,lifta_240.jpg,Jeff O'Brien,2017,,,"Lifta, Palestine",31.795703,35.196025,,lifta_240.jpg,Image;StillImage,image/jpeg,,,
coll160,lifta_241.jpg,lifta_241.jpg,Jeff O'Brien,2017,,,"Lifta, Palestine",31.795758,35.196086,,lifta_241.jpg,Image;StillImage,image/jpeg,,,
coll161,lifta_242.jpg,lifta_242.jpg,Jeff O'Brien,2017,,,"Lifta, Palestine",31.795758,35.196086,,lifta_242.jpg,Image;StillImage,image/jpeg,,,
coll162,lifta_243.jpg,lifta_243.jpg,Jeff O'Brien,2017,,,"Lifta, Palestine",31.795844,35.196122,,lifta_243.jpg,Image;StillImage,image/jpeg,,,
coll163,lifta_244.jpg,lifta_244.jpg,Jeff O'Brien,2017,,,"Lifta, Palestine",31.795844,35.196122,,lifta_244.jpg,Image;StillImage,image/jpeg,,,
coll164,lifta_245.jpg,lifta_245.jpg,Jeff O'Brien,2017,,,"Lifta, Palestine",31.796194,35.196208,,lifta_245.jpg,Image;StillImage,image/jpeg,,,
coll165,lifta_246.jpg,lifta_246.jpg,Jeff O'Brien,2017,,,"Lifta, Palestine",31.795794,35.196306,,lifta_246.jpg,Image;StillImage,image/jpeg,,,
coll166,lifta_247.jpg,lifta_247.jpg,Jeff O'Brien,2017,,,"Lifta, Palestine",31.795536,35.196031,,lifta_247.jpg,Image;StillImage,image/jpeg,,,
coll167,lifta_248.jpg,lifta_248.jpg,Jeff O'Brien,2017,,,"Lifta, Palestine",31.795397,35.196231,,lifta_248.jpg,Image;StillImage,image/jpeg,,,
coll168,lifta_249.jpg,lifta_249.jpg,Jeff O'Brien,2017,,,"Lifta, Palestine",31.795394,35.196189,,lifta_249.jpg,Image;StillImage,image/jpeg,,,
coll169,lifta_25.jpg,lifta_25.jpg,Jeff O'Brien,2017,,,"Lifta, Palestine",31.799606,35.197842,,lifta_25.jpg,Image;StillImage,image/jpeg,,,
coll170,lifta_250.jpg,lifta_250.jpg,Jeff O'Brien,2017,,,"Lifta, Palestine",31.795525,35.196281,,lifta_250.jpg,Image;StillImage,image/jpeg,,,
coll171,lifta_251.jpg,lifta_251.jpg,Jeff O'Brien,2017,,,"Lifta, Palestine",31.795419,35.196317,,lifta_251.jpg,Image;StillImage,image/jpeg,,,
coll172,lifta_252.jpg,lifta_252.jpg,Jeff O'Brien,2017,,,"Lifta, Palestine",31.795561,35.1963,,lifta_252.jpg,Image;StillImage,image/jpeg,,,
coll173,lifta_253.jpg,lifta_253.jpg,Jeff O'Brien,2017,,,"Lifta, Palestine",31.795575,35.196292,,lifta_253.jpg,Image;StillImage,image/jpeg,,,
coll174,lifta_254.jpg,lifta_254.jpg,Jeff O'Brien,2017,,,"Lifta, Palestine",31.795503,35.196342,,lifta_254.jpg,Image;StillImage,image/jpeg,,,
coll175,lifta_255.jpg,lifta_255.jpg,Jeff O'Brien,2017,,,"Lifta, Palestine",31.795422,35.196397,,lifta_255.jpg,Image;StillImage,image/jpeg,,,
coll176,lifta_256.jpg,lifta_256.jpg,Jeff O'Brien,2017,,,"Lifta, Palestine",31.795456,35.196372,,lifta_256.jpg,Image;StillImage,image/jpeg,,,
coll177,lifta_257.jpg,lifta_257.jpg,Jeff O'Brien,2017,,,"Lifta, Palestine",31.795531,35.196389,,lifta_257.jpg,Image;StillImage,image/jpeg,,,
coll178,lifta_258.jpg,lifta_258.jpg,Jeff O'Brien,2017,,,"Lifta, Palestine",31.795314,35.196289,,lifta_258.jpg,Image;StillImage,image/jpeg,,,
coll179,lifta_259.jpg,lifta_259.jpg,Jeff O'Brien,2017,,,"Lifta, Palestine",31.795092,35.196292,,lifta_259.jpg,Image;StillImage,image/jpeg,,,
coll180,lifta_26.jpg,lifta_26.jpg,Jeff O'Brien,2017,,,"Lifta, Palestine",31.799472,35.198258,,lifta_26.jpg,Image;StillImage,image/jpeg,,,
coll181,lifta_260.jpg,lifta_260.jpg,Jeff O'Brien,2017,,,"Lifta, Palestine",31.795203,35.196189,,lifta_260.jpg,Image;StillImage,image/jpeg,,,
coll182,lifta_261.jpg,lifta_261.jpg,Jeff O'Brien,2017,,,"Lifta, Palestine",31.795269,35.196144,,lifta_261.jpg,Image;StillImage,image/jpeg,,,
coll183,lifta_262.jpg,lifta_262.jpg,Jeff O'Brien,2017,,,"Lifta, Palestine",31.795125,35.196208,,lifta_262.jpg,Image;StillImage,image/jpeg,,,
coll184,lifta_263.jpg,lifta_263.jpg,Jeff O'Brien,2017,,,"Lifta, Palestine",31.795064,35.196267,,lifta_263.jpg,Image;StillImage,image/jpeg,,,
coll185,lifta_264.jpg,lifta_264.jpg,Jeff O'Brien,2017,,,"Lifta, Palestine",31.795028,35.196297,,lifta_264.jpg,Image;StillImage,image/jpeg,,,
coll186,lifta_265.jpg,lifta_265.jpg,Jeff O'Brien,2017,,,"Lifta, Palestine",31.794922,35.196336,,lifta_265.jpg,Image;StillImage,image/jpeg,,,
coll187,lifta_266.jpg,lifta_266.jpg,Jeff O'Brien,2017,,,"Lifta, Palestine",31.794611,35.19635,,lifta_266.jpg,Image;StillImage,image/jpeg,,,
coll188,lifta_267.jpg,lifta_267.jpg,Jeff O'Brien,2017,,,"Lifta, Palestine",31.794475,35.196697,,lifta_267.jpg,Image;StillImage,image/jpeg,,,
coll189,lifta_268.jpg,lifta_268.jpg,Jeff O'Brien,2017,,,"Lifta, Palestine",31.794344,35.196372,,lifta_268.jpg,Image;StillImage,image/jpeg,,,
coll190,lifta_269.jpg,lifta_269.jpg,Jeff O'Brien,2017,,,"Lifta, Palestine",31.794486,35.196428,,lifta_269.jpg,Image;StillImage,image/jpeg,,,
coll191,lifta_27.jpg,lifta_27.jpg,Jeff O'Brien,2017,,,"Lifta, Palestine",31.799094,35.197389,,lifta_27.jpg,Image;StillImage,image/jpeg,,,
coll192,lifta_270.jpg,lifta_270.jpg,Jeff O'Brien,2017,,,"Lifta, Palestine",31.794364,35.196464,,lifta_270.jpg,Image;StillImage,image/jpeg,,,
coll193,lifta_271.jpg,lifta_271.jpg,Jeff O'Brien,2017,,,"Lifta, Palestine",31.794442,35.196197,,lifta_271.jpg,Image;StillImage,image/jpeg,,,
coll194,lifta_272.jpg,lifta_272.jpg,Jeff O'Brien,2017,,,"Lifta, Palestine",31.794461,35.196186,,lifta_272.jpg,Image;StillImage,image/jpeg,,,
coll195,lifta_273.jpg,lifta_273.jpg,Jeff O'Brien,2017,,,"Lifta, Palestine",31.794461,35.196178,,lifta_273.jpg,Image;StillImage,image/jpeg,,,
coll196,lifta_274.jpg,lifta_274.jpg,Jeff O'Brien,2017,,,"Lifta, Palestine",31.794617,35.198936,,lifta_274.jpg,Image;StillImage,image/jpeg,,,
coll197,lifta_275.jpg,lifta_275.jpg,Jeff O'Brien,2017,,,"Lifta, Palestine",31.794481,35.1959,,lifta_275.jpg,Image;StillImage,image/jpeg,,,
coll198,lifta_276.jpg,lifta_276.jpg,Jeff O'Brien,2017,,,"Lifta, Palestine",31.794528,35.195911,,lifta_276.jpg,Image;StillImage,image/jpeg,,,
coll199,lifta_277.jpg,lifta_277.jpg,Jeff O'Brien,2017,,,"Lifta, Palestine",31.794589,35.195856,,lifta_277.jpg,Image;StillImage,image/jpeg,,,
coll200,lifta_278.jpg,lifta_278.jpg,Jeff O'Brien,2017,,,"Lifta, Palestine",31.794531,35.197072,,lifta_278.jpg,Image;StillImage,image/jpeg,,,
coll201,lifta_279.jpg,lifta_279.jpg,Jeff O'Brien,2017,,,"Lifta, Palestine",31.794517,35.195889,,lifta_279.jpg,Image;StillImage,image/jpeg,,,
coll202,lifta_28.jpg,lifta_28.jpg,Jeff O'Brien,2017,,,"Lifta, Palestine",31.798819,35.197258,,lifta_28.jpg,Image;StillImage,image/jpeg,,,
coll203,lifta_280.jpg,lifta_280.jpg,Jeff O'Brien,2017,,,"Lifta, Palestine",31.794497,35.195842,,lifta_280.jpg,Image;StillImage,image/jpeg,,,
coll204,lifta_281.jpg,lifta_281.jpg,Jeff O'Brien,2017,,,"Lifta, Palestine",31.794,35.197175,,lifta_281.jpg,Image;StillImage,image/jpeg,,,
coll205,lifta_282.jpg,lifta_282.jpg,Jeff O'Brien,2017,,,"Lifta, Palestine",31.793783,35.197411,,lifta_282.jpg,Image;StillImage,image/jpeg,,,
coll206,lifta_283.jpg,lifta_283.jpg,Jeff O'Brien,2017,,,"Lifta, Palestine",31.793756,35.197344,,lifta_283.jpg,Image;StillImage,image/jpeg,,,
coll207,lifta_284.jpg,lifta_284.jpg,Jeff O'Brien,2017,,,"Lifta, Palestine",31.797389,35.192669,,lifta_284.jpg,Image;StillImage,image/jpeg,,,
coll208,lifta_285.jpg,lifta_285.jpg,Jeff O'Brien,2017,,,"Lifta, Palestine",31.793614,35.197692,,lifta_285.jpg,Image;StillImage,image/jpeg,,,
coll209,lifta_286.jpg,lifta_286.jpg,Jeff O'Brien,2017,,,"Lifta, Palestine",31.792964,35.197739,,lifta_286.jpg,Image;StillImage,image/jpeg,,,
coll210,lifta_287.jpg,lifta_287.jpg,Jeff O'Brien,2017,,,"Lifta, Palestine",31.792258,35.198075,,lifta_287.jpg,Image;StillImage,image/jpeg,,,
coll211,lifta_288.jpg,lifta_288.jpg,Jeff O'Brien,2017,,,"Lifta, Palestine",31.792156,35.198147,,lifta_288.jpg,Image;StillImage,image/jpeg,,,
coll212,lifta_289.jpg,lifta_289.jpg,Jeff O'Brien,2017,,,"Lifta, Palestine",31.786767,35.198253,,lifta_289.jpg,Image;StillImage,image/jpeg,,,
coll213,lifta_29.jpg,lifta_29.jpg,Jeff O'Brien,2017,,,"Lifta, Palestine",31.798764,35.197361,,lifta_29.jpg,Image;StillImage,image/jpeg,,,
coll214,lifta_290.jpg,lifta_290.jpg,Jeff O'Brien,2017,,,"Lifta, Palestine",31.791919,35.196911,,lifta_290.jpg,Image;StillImage,image/jpeg,,,
coll215,lifta_291.jpg,lifta_291.jpg,Jeff O'Brien,2017,,,"Lifta, Palestine",31.792539,35.197931,,lifta_291.jpg,Image;StillImage,image/jpeg,,,
coll216,lifta_292.jpg,lifta_292.jpg,Jeff O'Brien,2017,,,"Lifta, Palestine",31.792525,35.197942,,lifta_292.jpg,Image;StillImage,image/jpeg,,,
coll217,lifta_293.jpg,lifta_293.jpg,Jeff O'Brien,2017,,,"Lifta, Palestine",31.793664,35.19745,,lifta_293.jpg,Image;StillImage,image/jpeg,,,
coll218,lifta_294.jpg,lifta_294.jpg,Jeff O'Brien,2017,,,"Lifta, Palestine",31.793683,35.197403,,lifta_294.jpg,Image;StillImage,image/jpeg,,,
coll219,lifta_295.jpg,lifta_295.jpg,Jeff O'Brien,2017,,,"Lifta, Palestine",31.793994,35.196769,,lifta_295.jpg,Image;StillImage,image/jpeg,,,
coll220,lifta_296.jpg,lifta_296.jpg,Jeff O'Brien,2017,,,"Lifta, Palestine",31.795764,35.19595,,lifta_296.jpg,Image;StillImage,image/jpeg,,,
coll221,lifta_297.jpg,lifta_297.jpg,Jeff O'Brien,2017,,,"Lifta, Palestine",31.795847,35.195911,,lifta_297.jpg,Image;StillImage,image/jpeg,,,
coll222,lifta_298.jpg,lifta_298.jpg,Jeff O'Brien,2017,,,"Lifta, Palestine",31.795428,35.196228,,lifta_298.jpg,Image;StillImage,image/jpeg,,,
coll223,lifta_299.jpg,lifta_299.jpg,Jeff O'Brien,2017,,,"Lifta, Palestine",31.793314,35.197711,,lifta_299.jpg,Image;StillImage,image/jpeg,,,
coll224,lifta_3.jpg,lifta_3.jpg,Jeff O'Brien,2017,,,"Lifta, Palestine",31.781719,35.229892,,lifta_3.jpg,Image;StillImage,image/jpeg,,,
coll225,lifta_30.jpg,lifta_30.jpg,Jeff O'Brien,2017,,,"Lifta, Palestine",31.798764,35.197361,,lifta_30.jpg,Image;StillImage,image/jpeg,,,
coll226,lifta_300.jpg,lifta_300.jpg,Jeff O'Brien,2017,,,"Lifta, Palestine",31.797297,35.196036,,lifta_300.jpg,Image;StillImage,image/jpeg,,,
coll227,lifta_301.jpg,lifta_301.jpg,Jeff O'Brien,2017,,,"Lifta, Palestine",31.797297,35.196361,,lifta_301.jpg,Image;StillImage,image/jpeg,,,
coll228,lifta_302.jpg,lifta_302.jpg,Jeff O'Brien,2017,,,"Lifta, Palestine",31.797456,35.196586,,lifta_302.jpg,Image;StillImage,image/jpeg,,,
coll229,lifta_303.jpg,lifta_303.jpg,Jeff O'Brien,2017,,,"Lifta, Palestine",31.797461,35.196517,,lifta_303.jpg,Image;StillImage,image/jpeg,,,
coll230,lifta_304.jpg,lifta_304.jpg,Jeff O'Brien,2017,,,"Lifta, Palestine",31.797628,35.196633,,lifta_304.jpg,Image;StillImage,image/jpeg,,,
coll231,lifta_305.jpg,lifta_305.jpg,Jeff O'Brien,2017,,,"Lifta, Palestine",31.797619,35.196689,,lifta_305.jpg,Image;StillImage,image/jpeg,,,
coll232,lifta_306.jpg,lifta_306.jpg,Jeff O'Brien,2017,,,"Lifta, Palestine",31.797792,35.19645,,lifta_306.jpg,Image;StillImage,image/jpeg,,,
coll233,lifta_307.jpg,lifta_307.jpg,Jeff O'Brien,2017,,,"Lifta, Palestine",31.797572,35.19645,,lifta_307.jpg,Image;StillImage,image/jpeg,,,
coll234,lifta_308.jpg,lifta_308.jpg,Jeff O'Brien,2017,,,"Lifta, Palestine",31.797597,35.196439,,lifta_308.jpg,Image;StillImage,image/jpeg,,,
coll235,lifta_309.jpg,lifta_309.jpg,Jeff O'Brien,2017,,,"Lifta, Palestine",31.797122,35.196397,,lifta_309.jpg,Image;StillImage,image/jpeg,,,
coll236,lifta_31.jpg,lifta_31.jpg,Jeff O'Brien,2017,,,"Lifta, Palestine",31.798203,35.196756,,lifta_31.jpg,Image;StillImage,image/jpeg,,,
coll237,lifta_310.jpg,lifta_310.jpg,Jeff O'Brien,2017,,,"Lifta, Palestine",31.797378,35.196256,,lifta_310.jpg,Image;StillImage,image/jpeg,,,
coll238,lifta_311.jpg,lifta_311.jpg,Jeff O'Brien,2017,,,"Lifta, Palestine",31.797444,35.196183,,lifta_311.jpg,Image;StillImage,image/jpeg,,,
coll239,lifta_312.jpg,lifta_312.jpg,Jeff O'Brien,2017,,,"Lifta, Palestine",31.792708,35.197933,,lifta_312.jpg,Image;StillImage,image/jpeg,,,
coll240,lifta_313.jpg,lifta_313.jpg,Jeff O'Brien,2017,,,"Lifta, Palestine",31.723647,35.186569,,lifta_313.jpg,Image;StillImage,image/jpeg,,,
coll241,lifta_32.jpg,lifta_32.jpg,Jeff O'Brien,2017,,,"Lifta, Palestine",31.798022,35.196517,,lifta_32.jpg,Image;StillImage,image/jpeg,,,
coll242,lifta_33.jpg,lifta_33.jpg,Jeff O'Brien,2017,,,"Lifta, Palestine",31.798017,35.196444,,lifta_33.jpg,Image;StillImage,image/jpeg,,,
coll243,lifta_34.jpg,lifta_34.jpg,Jeff O'Brien,2017,,,"Lifta, Palestine",31.797919,35.196428,,lifta_34.jpg,Image;StillImage,image/jpeg,,,
coll244,lifta_35.jpg,lifta_35.jpg,Jeff O'Brien,2017,,,"Lifta, Palestine",31.797986,35.196361,,lifta_35.jpg,Image;StillImage,image/jpeg,,,
coll245,lifta_36.jpg,lifta_36.jpg,Jeff O'Brien,2017,,,"Lifta, Palestine",31.798011,35.1964,,lifta_36.jpg,Image;StillImage,image/jpeg,,,
coll246,lifta_37.jpg,lifta_37.jpg,Jeff O'Brien,2017,,,"Lifta, Palestine",31.797792,35.196258,,lifta_37.jpg,Image;StillImage,image/jpeg,,,
coll247,lifta_38.jpg,lifta_38.jpg,Jeff O'Brien,2017,,,"Lifta, Palestine",31.7979,35.196336,,lifta_38.jpg,Image;StillImage,image/jpeg,,,
coll248,lifta_39.jpg,lifta_39.jpg,Jeff O'Brien,2017,,,"Lifta, Palestine",31.797681,35.196331,,lifta_39.jpg,Image;StillImage,image/jpeg,,,
coll249,lifta_4.jpg,lifta_4.jpg,Jeff O'Brien,2017,,,"Lifta, Palestine",31.802061,35.201997,,lifta_4.jpg,Image;StillImage,image/jpeg,,,
coll250,lifta_40.jpg,lifta_40.jpg,Jeff O'Brien,2017,,,"Lifta, Palestine",31.797864,35.196317,,lifta_40.jpg,Image;StillImage,image/jpeg,,,
coll251,lifta_41.jpg,lifta_41.jpg,Jeff O'Brien,2017,,,"Lifta, Palestine",31.798,35.196169,,lifta_41.jpg,Image;StillImage,image/jpeg,,,
coll252,lifta_42.jpg,lifta_42.jpg,Jeff O'Brien,2017,,,"Lifta, Palestine",31.797894,35.196217,,lifta_42.jpg,Image;StillImage,image/jpeg,,,
coll253,lifta_43.jpg,lifta_43.jpg,Jeff O'Brien,2017,,,"Lifta, Palestine",31.797853,35.196236,,lifta_43.jpg,Image;StillImage,image/jpeg,,,
coll254,lifta_44.jpg,lifta_44.jpg,Jeff O'Brien,2017,,,"Lifta, Palestine",31.797539,35.196158,,lifta_44.jpg,Image;StillImage,image/jpeg,,,
coll255,lifta_45.jpg,lifta_45.jpg,Jeff O'Brien,2017,,,"Lifta, Palestine",31.797519,35.196178,,lifta_45.jpg,Image;StillImage,image/jpeg,,,
coll256,lifta_46.jpg,lifta_46.jpg,Jeff O'Brien,2017,,,"Lifta, Palestine",31.797567,35.196189,,lifta_46.jpg,Image;StillImage,image/jpeg,,,
coll257,lifta_47.jpg,lifta_47.jpg,Jeff O'Brien,2017,,,"Lifta, Palestine",31.797567,35.196189,,lifta_47.jpg,Image;StillImage,image/jpeg,,,
coll258,lifta_48.jpg,lifta_48.jpg,Jeff O'Brien,2017,,,"Lifta, Palestine",31.797564,35.195664,,lifta_48.jpg,Image;StillImage,image/jpeg,,,
coll259,lifta_49.jpg,lifta_49.jpg,Jeff O'Brien,2017,,,"Lifta, Palestine",31.797756,35.196206,,lifta_49.jpg,Image;StillImage,image/jpeg,,,
coll260,lifta_5.jpg,lifta_5.jpg,Jeff O'Brien,2017,,,"Lifta, Palestine",31.801497,35.201358,,lifta_5.jpg,Image;StillImage,image/jpeg,,,
coll261,lifta_50.jpg,lifta_50.jpg,Jeff O'Brien,2017,,,"Lifta, Palestine",31.797736,35.196178,,lifta_50.jpg,Image;StillImage,image/jpeg,,,
coll262,lifta_51.jpg,lifta_51.jpg,Jeff O'Brien,2017,,,"Lifta, Palestine",31.797761,35.196169,,lifta_51.jpg,Image;StillImage,image/jpeg,,,
coll263,lifta_52.jpg,lifta_52.jpg,Jeff O'Brien,2017,,,"Lifta, Palestine",31.797689,35.196206,,lifta_52.jpg,Image;StillImage,image/jpeg,,,
coll264,lifta_53.jpg,lifta_53.jpg,Jeff O'Brien,2017,,,"Lifta, Palestine",31.797767,35.196036,,lifta_53.jpg,Image;StillImage,image/jpeg,,,
coll265,lifta_54.jpg,lifta_54.jpg,Jeff O'Brien,2017,,,"Lifta, Palestine",31.797761,35.196081,,lifta_54.jpg,Image;StillImage,image/jpeg,,,
coll266,lifta_55.jpg,lifta_55.jpg,Jeff O'Brien,2017,,,"Lifta, Palestine",31.797839,35.196156,,lifta_55.jpg,Image;StillImage,image/jpeg,,,
coll267,lifta_56.jpg,lifta_56.jpg,Jeff O'Brien,2017,,,"Lifta, Palestine",31.798175,35.196708,,lifta_56.jpg,Image;StillImage,image/jpeg,,,
coll268,lifta_57.jpg,lifta_57.jpg,Jeff O'Brien,2017,,,"Lifta, Palestine",31.797883,35.196511,,lifta_57.jpg,Image;StillImage,image/jpeg,,,
coll269,lifta_58.jpg,lifta_58.jpg,Jeff O'Brien,2017,,,"Lifta, Palestine",31.797806,35.196311,,lifta_58.jpg,Image;StillImage,image/jpeg,,,
coll270,lifta_59.jpg,lifta_59.jpg,Jeff O'Brien,2017,,,"Lifta, Palestine",31.797806,35.196311,,lifta_59.jpg,Image;StillImage,image/jpeg,,,
coll271,lifta_6.jpg,lifta_6.jpg,Jeff O'Brien,2017,,,"Lifta, Palestine",31.801089,35.201236,,lifta_6.jpg,Image;StillImage,image/jpeg,,,
coll272,lifta_60.jpg,lifta_60.jpg,Jeff O'Brien,2017,,,"Lifta, Palestine",31.797897,35.196289,,lifta_60.jpg,Image;StillImage,image/jpeg,,,
coll273,lifta_61.jpg,lifta_61.jpg,Jeff O'Brien,2017,,,"Lifta, Palestine",31.797883,35.196244,,lifta_61.jpg,Image;StillImage,image/jpeg,,,
coll274,lifta_62.jpg,lifta_62.jpg,Jeff O'Brien,2017,,,"Lifta, Palestine",31.797889,35.196128,,lifta_62.jpg,Image;StillImage,image/jpeg,,,
coll275,lifta_63.jpg,lifta_63.jpg,Jeff O'Brien,2017,,,"Lifta, Palestine",31.797875,35.196308,,lifta_63.jpg,Image;StillImage,image/jpeg,,,
coll276,lifta_64.jpg,lifta_64.jpg,Jeff O'Brien,2017,,,"Lifta, Palestine",31.797875,35.196308,,lifta_64.jpg,Image;StillImage,image/jpeg,,,
coll277,lifta_65.jpg,lifta_65.jpg,Jeff O'Brien,2017,,,"Lifta, Palestine",31.797853,35.196353,,lifta_65.jpg,Image;StillImage,image/jpeg,,,
coll278,lifta_66.jpg,lifta_66.jpg,Jeff O'Brien,2017,,,"Lifta, Palestine",31.797781,35.196608,,lifta_66.jpg,Image;StillImage,image/jpeg,,,
coll279,lifta_67.jpg,lifta_67.jpg,Jeff O'Brien,2017,,,"Lifta, Palestine",31.797781,35.196608,,lifta_67.jpg,Image;StillImage,image/jpeg,,,
coll280,lifta_68.jpg,lifta_68.jpg,Jeff O'Brien,2017,,,"Lifta, Palestine",31.798508,35.196469,,lifta_68.jpg,Image;StillImage,image/jpeg,,,
coll281,lifta_69.jpg,lifta_69.jpg,Jeff O'Brien,2017,,,"Lifta, Palestine",31.797456,35.192592,,lifta_69.jpg,Image;StillImage,image/jpeg,,,
coll282,lifta_7.jpg,lifta_7.jpg,Jeff O'Brien,2017,,,"Lifta, Palestine",31.801025,35.201172,,lifta_7.jpg,Image;StillImage,image/jpeg,,,
coll283,lifta_70.jpg,lifta_70.jpg,Jeff O'Brien,2017,,,"Lifta, Palestine",31.797681,35.192653,,lifta_70.jpg,Image;StillImage,image/jpeg,,,
coll284,lifta_71.jpg,lifta_71.jpg,Jeff O'Brien,2017,,,"Lifta, Palestine",31.797531,35.196292,,lifta_71.jpg,Image;StillImage,image/jpeg,,,
coll285,lifta_72.jpg,lifta_72.jpg,Jeff O'Brien,2017,,,"Lifta, Palestine",31.797217,35.196525,,lifta_72.jpg,Image;StillImage,image/jpeg,,,
coll286,lifta_73.jpg,lifta_73.jpg,Jeff O'Brien,2017,,,"Lifta, Palestine",31.797808,35.1963,,lifta_73.jpg,Image;StillImage,image/jpeg,,,
coll287,lifta_74.jpg,lifta_74.jpg,Jeff O'Brien,2017,,,"Lifta, Palestine",31.797772,35.196319,,lifta_74.jpg,Image;StillImage,image/jpeg,,,
coll288,lifta_75.jpg,lifta_75.jpg,Jeff O'Brien,2017,,,"Lifta, Palestine",31.797747,35.1964,,lifta_75.jpg,Image;StillImage,image/jpeg,,,
coll289,lifta_76.jpg,lifta_76.jpg,Jeff O'Brien,2017,,,"Lifta, Palestine",31.797747,35.196431,,lifta_76.jpg,Image;StillImage,image/jpeg,,,
coll290,lifta_77.jpg,lifta_77.jpg,Jeff O'Brien,2017,,,"Lifta, Palestine",31.797778,35.196428,,lifta_77.jpg,Image;StillImage,image/jpeg,,,
coll291,lifta_78.jpg,lifta_78.jpg,Jeff O'Brien,2017,,,"Lifta, Palestine",31.797778,35.196361,,lifta_78.jpg,Image;StillImage,image/jpeg,,,
coll292,lifta_79.jpg,lifta_79.jpg,Jeff O'Brien,2017,,,"Lifta, Palestine",31.797778,35.196289,,lifta_79.jpg,Image;StillImage,image/jpeg,,,
coll293,lifta_8.jpg,lifta_8.jpg,Jeff O'Brien,2017,,,"Lifta, Palestine",31.8007,35.201022,,lifta_8.jpg,Image;StillImage,image/jpeg,,,
coll294,lifta_80.jpg,lifta_80.jpg,Jeff O'Brien,2017,,,"Lifta, Palestine",31.797758,35.19645,,lifta_80.jpg,Image;StillImage,image/jpeg,,,
coll295,lifta_81.jpg,lifta_81.jpg,Jeff O'Brien,2017,,,"Lifta, Palestine",31.797775,35.196414,,lifta_81.jpg,Image;StillImage,image/jpeg,,,
coll296,lifta_82.jpg,lifta_82.jpg,Jeff O'Brien,2017,,,"Lifta, Palestine",31.797731,35.196397,,lifta_82.jpg,Image;StillImage,image/jpeg,,,
coll297,lifta_83.jpg,lifta_83.jpg,Jeff O'Brien,2017,,,"Lifta, Palestine",31.797731,35.196397,,lifta_83.jpg,Image;StillImage,image/jpeg,,,
coll298,lifta_84.jpg,lifta_84.jpg,Jeff O'Brien,2017,,,"Lifta, Palestine",31.797731,35.196397,,lifta_84.jpg,Image;StillImage,image/jpeg,,,
coll299,lifta_85.jpg,lifta_85.jpg,Jeff O'Brien,2017,,,"Lifta, Palestine",31.797731,35.196397,,lifta_85.jpg,Image;StillImage,image/jpeg,,,
coll300,lifta_86.jpg,lifta_86.jpg,Jeff O'Brien,2017,,,"Lifta, Palestine",31.797711,35.196067,,lifta_86.jpg,Image;StillImage,image/jpeg,,,
coll301,lifta_87.jpg,lifta_87.jpg,Jeff O'Brien,2017,,,"Lifta, Palestine",31.797578,35.195397,,lifta_87.jpg,Image;StillImage,image/jpeg,,,
coll302,lifta_88.jpg,lifta_88.jpg,Jeff O'Brien,2017,,,"Lifta, Palestine",31.797578,35.195397,,lifta_88.jpg,Image;StillImage,image/jpeg,,,
coll303,lifta_89.jpg,lifta_89.jpg,Jeff O'Brien,2017,,,"Lifta, Palestine",31.797578,35.195397,,lifta_89.jpg,Image;StillImage,image/jpeg,,,
coll304,lifta_9.jpg,lifta_9.jpg,Jeff O'Brien,2017,,,"Lifta, Palestine",31.800806,35.199781,,lifta_9.jpg,Image;StillImage,image/jpeg,,,
coll305,lifta_90.jpg,lifta_90.jpg,Jeff O'Brien,2017,,,"Lifta, Palestine",31.797578,35.195397,,lifta_90.jpg,Image;StillImage,image/jpeg,,,
coll306,lifta_91.jpg,lifta_91.jpg,Jeff O'Brien,2017,,,"Lifta, Palestine",31.797578,35.195397,,lifta_91.jpg,Image;StillImage,image/jpeg,,,
coll307,lifta_92.jpg,lifta_92.jpg,Jeff O'Brien,2017,,,"Lifta, Palestine",31.797578,35.195397,,lifta_92.jpg,Image;StillImage,image/jpeg,,,
coll308,lifta_93.jpg,lifta_93.jpg,Jeff O'Brien,2017,,,"Lifta, Palestine",31.797578,35.195397,,lifta_93.jpg,Image;StillImage,image/jpeg,,,
coll309,lifta_94.jpg,lifta_94.jpg,Jeff O'Brien,2017,,,"Lifta, Palestine",31.797578,35.195397,,lifta_94.jpg,Image;StillImage,image/jpeg,,,
coll310,lifta_95.jpg,lifta_95.jpg,Jeff O'Brien,2017,,,"Lifta, Palestine",31.797769,35.196125,,lifta_95.jpg,Image;StillImage,image/jpeg,,,
coll311,lifta_96.jpg,lifta_96.jpg,Jeff O'Brien,2017,,,"Lifta, Palestine",31.797772,35.196169,,lifta_96.jpg,Image;StillImage,image/jpeg,,,
coll312,lifta_97.jpg,lifta_97.jpg,Jeff O'Brien,2017,,,"Lifta, Palestine",31.797614,35.196439,,lifta_97.jpg,Image;StillImage,image/jpeg,,,
coll313,lifta_98.jpg,lifta_98.jpg,Jeff O'Brien,2017,,,"Lifta, Palestine",31.797614,35.196439,,lifta_98.jpg,Image;StillImage,image/jpeg,,,
coll314,lifta_99.jpg,lifta_99.jpg,Jeff O'Brien,2017,,,"Lifta, Palestine",31.797603,35.196561,,lifta_99.jpg,Image;StillImage,image/jpeg,,,